Order Date,Order ID,Account Group,Order Quantity,Order Subtotal,Order Tax,Order Net Total,Order Net Total Above Avg,Amazon-Internal Product Category,ASIN,Title,UNSPSC,Brand,Manufacturer,Item model number,Seller Name,Seller State
10/27/2021,111-5911360-8797814,BrightChild,3,119.7,7.62,127.32,1,Speakers,B010NS9QJO,Plantronics 204446-02 Blackwire C325 Headset,43191609,Plantronics,Plantronics,204446-02,DuBois Express,NJ
10/14/2021,112-5452215-0683437,BrightChild,2,31.62,1.9,33.52,0,Beauty,B000052XZZ,"Neutrogena T/Gel Therapeutic Shampoo Original Formula, Anti-Dandruff Treatment for Long-Lasting Relief of Itching and Flaking Scalp as a Result of Pso",53131628,Neutrogena,Neutrogena,09200-00,Amazon,Washington
10/14/2021,112-5452215-0683437,BrightChild,2,31.62,1.9,33.52,0,Prestige Beauty,B08SSCP46J,Redken Scalp Relief Dandruff Control Shampoo | For Dandruff Control | Soothes Scalp & Controls Dandruff | Dermatologist Tested | 8.5 fl. oz.,53131600,REDKEN,AmazonUs/EC6PI,,Amazon.com,WA
10/13/2021,114-8232674-4609058,BrightChild,1,54.99,3.51,58.5,0,"Business, Industrial, & Scientific Supplies Basic",B08JY8BZFS,"FS-TFC 4-Stage Portable Water Filter Pump 0.01 Micron Water Purifier Survival Gear 1.5L/Min Fast Flow for Personal or Small Group Hiking, Camping, Tra",40161502,FS-TFC,Outdoor Water Filter,SY-UF-01,Outdoor Water Filter,guangdong
10/13/2021,114-0493087-8140249,BrightChild,2,25.98,1.66,27.64,0,Sports,B07L8B1VJ4,"Hydration Bladder, 2 Liter Leak Proof Water Bladder, Water Reservoir for Hydration Pack",49000000,Edraco,,2018121002,ElanDirect,FUJIAN
10/11/2021,114-2949269-2890634,BrightChild,2,21.98,1.4,23.38,0,CE,B07JW7GT7H,"QGeeM USB C to HDMI Adapter 4K Cable, USB Type-C to HDMI Adapter [Thunderbolt 3 Compatible] Compatible with MacBook Pro 2018/2017, Samsung Galaxy S9/S",43202222,QGeeM,qgeem,6543782745,Woot,Texas
10/11/2021,114-1823773-4861020,BrightChild,1,7.99,0.51,8.5,0,"Business, Industrial, & Scientific Supplies Basic",B07GGG5JWS,"Mini HDMI to HDMI, Benfei 3 Pack Gold Plated HDMI to Mini HDMI Adapter Compatible for Raspberry Pi, Camera, Camcorder, DSLR, Tablet, Video Card",26121600,BENFEI,Benfei,000197black-3p,BenfeiDirect,guangdong
10/11/2021,114-1974453-2115453,BrightChild,1,439,27.99,466.99,1,Personal Computer,B07VD71VHJ,"Asus Vivobook 15 Thin and Light 15.6"" FHD, AMD Quad Core R3-3200U CPU, 8GB DDR4 RAM, 128G SSD, AMD Radeon Vega 3 Graphics, Windows 10 in S Mode, F512D",43211503,ASUS,Asus,F512DA-DB34,Signature Distributors,Nj
10/11/2021,113-9277768-6821856,BrightChild,2,399.98,25.5,425.48,1,Personal Computer,B0873ZMXKK,"Samsung Chromebook 4 + Chrome OS 15.6"" Full HD Intel Celeron Processor N4000 4GB RAM 32Gb Emmc Gigabit Wi-Fi -XE350XBA-K01US - Silver (Renewed)",43211503,Samsung Electronics,Samsung,XE310XBA-K01US,DealParade,FL
10/11/2021,112-3595593-1916248,BrightChild,2,37.23,3.07,40.3,0,Shoes,B01H0N1K6M,"adidas Men's Adilette Comfort Slide Sandals, Black/Black, 12",53110000,adidas,ADIJE,CG2800,Amazon.com,WA
10/11/2021,112-3595593-1916248,BrightChild,2,37.23,3.07,40.3,0,Kitchen,B08SHQZLJJ,MEIRUBY Lighter Electric Lighter Candle Lighter Rechargeable USB Lighter Arc Lighters for Candle Camping BBQ Red,12130000,MEIRUBY,MEIRUBY,MEIRUBY-M12,Mooye,hebei
10/11/2021,114-7175120-0284230,BrightChild,1,28.74,2.37,31.11,0,Book,1284111296,Antibiotics Simplified,55100000,Jones & Bartlett Learning,Jones & Bartlett Learning,,Amazon.com,WA
10/9/2021,113-1644706-3002610,BrightChild,2,692.98,44.18,737.16,1,Personal Computer,B09225H6D2,"BiTECOOL Laptop 2021 New Windows 10 Pro, 15.6 inches Full HD IPS Display, Intel Celeron Quad Core, 8GB RAM and 256GB SSD, Expandable up to 1TB, Full S",43211503,BiTECOOL,BiTECOOL,NesBook,BiTECOOL Official Store,广东
10/8/2021,114-9393416-2405062,BrightChild,2,79.8,5.08,84.88,0,Speakers,B010NS9QJO,Plantronics 204446-02 Blackwire C325 Headset,43191609,Plantronics,Plantronics,204446-02,DuBois Express,NJ
10/7/2021,111-5668195-4288201,BrightChild,2,39.96,2.54,42.5,0,Personal Computer,B07N1WW638,"TP-Link AC750 WiFi Extender (RE220), Covers Up to 1200 Sq.ft and 20 Devices, Up to 750Mbps Dual Band WiFi Range Extender, WiFi Booster to Extend Range",43222608,TP-Link,TP-Link,RE220,Amazon.com,WA
10/7/2021,111-7973520-5696233,BrightChild,1,19.98,1.65,21.63,0,Personal Computer,B07N1WW638,"TP-Link AC750 WiFi Extender (RE220), Covers Up to 1200 Sq.ft and 20 Devices, Up to 750Mbps Dual Band WiFi Range Extender, WiFi Booster to Extend Range",43222608,TP-Link,TP-Link,RE220,Amazon.com,WA
10/5/2021,114-9745209-0721049,BrightChild,1,349.99,22.31,372.3,1,Personal Computer,B09225H6D2,"BiTECOOL Laptop 2021 New Windows 10 Pro, 15.6 inches Full HD IPS Display, Intel Celeron Quad Core, 8GB RAM and 256GB SSD, Expandable up to 1TB, Full S",43211503,BiTECOOL,BiTECOOL,NesBook,BiTECOOL Official Store,广东
10/4/2021,113-7294327-1982602,BrightChild,1,9.59,0.79,10.38,0,Beauty,B00HFG0FAM,"Hempz Fresh Coconut & Watermelon Moisturizing Skin Lotion, Natural Hemp Seed Herbal Body Moisturizer with Chamomile & Avocado Extracts, Vitamins  A,",53131607,Hempz,Hempz,110-2153-03,Amazon,Washington
9/28/2021,111-8111723-2639447,BrightChild,2,18.68,1.2,19.88,0,CE,B07JW7GT7H,"QGeeM USB C to HDMI Adapter 4K Cable, USB Type-C to HDMI Adapter [Thunderbolt 3 Compatible] Compatible with MacBook Pro 2018/2017, Samsung Galaxy S9/S",43202222,QGeeM,qgeem,6543782745,QGeeM INC.,ga
9/28/2021,111-4628481-5091435,BrightChild,2,399.98,25.5,425.48,1,Personal Computer,B0873ZMXKK,"Samsung Chromebook 4 + Chrome OS 15.6"" Full HD Intel Celeron Processor N4000 4GB RAM 32Gb Emmc Gigabit Wi-Fi -XE350XBA-K01US - Silver (Renewed)",43211503,SAMSUNG,Samsung,XE310XBA-K01US,DealParade,FL
9/28/2021,113-9541262-5785859,BrightChild,1,26.99,0,26.99,0,Grocery,B08CK8FDGG,"NOKA Superfood Smoothie Pouches (Variety) 12 Pack, 100% Organic Healthy Fruit And Veggie Squeeze Snack Packs, Meal Replacement, Non GMO, Gluten Free,",50500000,NOKA,NOKA,,NOKA,CA
9/25/2021,113-9792297-3968247,BrightChild,1,15.6,0.99,16.59,0,Apparel,B00L9G9HV2,Edwards Men's Hi Performance Mesh Polo Medium Espresso,53100000,Edwards,,1576,GotApparel,CA
9/25/2021,113-8843006-4029062,BrightChild,1,16.45,1.36,17.81,0,Beauty,B00NR1YQHM,"Neutrogena Hydro Boost Hyaluronic Acid Hydrating Water Gel Daily Face Moisturizer for Dry Skin, Oil-Free, Non-Comedogenic Face Lotion, 1.7 fl. oz",53131613,Neutrogena,Neutrogena,70501110478,Amazon,Washington
9/22/2021,113-6299161-8111451,BrightChild,2,26.33,1.84,28.17,0,Shoes,B07VLL94N8,"NewDenBer Women's Classical Comfortable Mesh II Flip-Flop (8 B(M) US, Black/Mesh Strap)",53111800,NewDenBer,,,AWESOME SHOP,Beijing
9/22/2021,113-6299161-8111451,BrightChild,2,26.33,1.84,28.17,0,Office Product,B0032JUXSU,"BIC Clic Stic Retractable Ball Pen, Medium Point (1.0 mm), Red Ink, 12-Count",44121704,BIC,BIC,BICCSM11RD,Amazon.com,
9/22/2021,111-1978391-1282620,BrightChild,1,12.99,0.83,13.82,0,Shoes,B08N45TBL2,Snoozies Mens Slippers - Black Light Weight Plaid - Medium,53110000,Snoozies,,,Noah's Playpen,NC
9/19/2021,113-4732984-6348255,BrightChild,1,12,0.99,12.99,0,Grocery,B003P02EGU,"Sparkling Ice, Black Raspberry Sparkling Water, with Antioxidants and Vitamins, Zero Sugar, 17 fl oz Bottles (Pack of 12)",50202300,Sparkling ICE,Talking Rain Beverage Company,608473,Amazon.com,
9/18/2021,114-6552824-7848256,BrightChild,1,8.99,0.57,9.56,0,Lawn & Patio,B07R9MJYRC,Besmon Woodpecker Bird Scare Devices&#xFF0C;Reflective Scare Rods Control Device to Keep Birds Away from Patio Pool&#xFF08;Christmas Reflective Strip,56101600,Besmon,Besmon,,MEETW,Hainansheng
9/18/2021,114-3486166-8712242,BrightChild,4,99.96,6.36,106.32,1,Home,B08CZSW4HL,Coavas Privacy Window Film Sun UV Blocking Frosted Static Clings Non Adhesive Opaque Vinyl Decorative Glass Door Stickers Heat Control Coverings for B,30000000,Coavas,,,DHHX Co（ Best Gift Shop ),Guangdong
9/13/2021,112-3712427-6194665,BrightChild,1,23.99,0,23.99,0,Grocery,B06X6J5266,"CELSIUS Fitness Drink Variety Pack, Zero Sugar, 12oz. Slim Can (Pack of 12)",50202300,CELSIUS,"Celsius, Inc.",FGSS1231,Amazon.com,
9/11/2021,114-3180804-4976267,BrightChild,1,10.99,0.7,11.69,0,Home Improvement,B07JWGQ4NT,"6 Pack BlueX LED c7 s6 1.5w Night Light Bulbs, Day White 5000K 15 Watt Equivalent, Mini LED Bulb Candelabra E12 Base - LED for Bedroom Porch Indoor or",39101600,Bluex Bulbs,Bluex Bulbs,,Bluex Bulbs,NY
9/11/2021,113-8789676-7410613,BrightChild,1,20.99,1.34,22.33,0,Toy,B07PKPHFZM,"Corgi Dog Plush Pillow, Cute Shiba Inu Corgi Butt Stuffed Animal Toys Gifts for Bed, Valentine, Kids Birthday, Christmas (Brown, 17.3inch)",60141002,sofipal,sofi,sofi02,FANQ,Jiangsu
9/10/2021,111-9598442-2422621,BrightChild,2,54.68,3.83,58.51,0,Shoes,B000KMJXI8,"Reef Women's Ginger Sandals, Black/Black, 8",53110000,Reef,Reef,Ginger,Amazon.com,
9/10/2021,111-9598442-2422621,BrightChild,2,54.68,3.83,58.51,0,Shoes,B083HRD9RC,Women's Summer Sandals Casual Bohemia Gladiator Wedge Shoes Comfortable Ankle Strap Outdoor Platform Sandals,53111800,HARENCE,,,Harence,guangdong
9/9/2021,113-2220114-5561052,BrightChild,1,11.97,0.99,12.96,0,Home Improvement,B01149YWSQ,"Padlock 4 Digit Combination Lock - for Gym School Locker, Outdoor Gate, Shed, Fence, and Storage - Weatherproof Metal - Keyless, Easy to Set, Resettab",46171508,desired tools,desired tools,,desired things,Hong Kong
9/9/2021,112-4182474-5720226,BrightChild,1,10.99,0.7,11.69,0,Home Improvement,B07JWGQ4NT,"6 Pack BlueX LED c7 s6 1.5w Night Light Bulbs, Day White 5000K 15 Watt Equivalent, Mini LED Bulb Candelabra E12 Base - LED for Bedroom Porch Indoor or",39101600,Bluex Bulbs,Bluex Bulbs,,Bluex Bulbs,NY
9/8/2021,114-3662203-0988207,BrightChild,1,27.99,1.78,29.77,0,Home Improvement,B00WUFXGT0,"Zoeller 30-0238 Inline Check Valve, Small, Black",40141600,Zoeller,StandardPlumbing: Kohler,30-0238,Aleksandra & Co.,TX
9/8/2021,114-4172328-3027442,BrightChild,0,0,0,0,0,Home Improvement,B07K1MQ2YF,"Raybend,""Silent"" Sump Pump Check Valve, 1-1/2""",30180000,Raybend,Raybend,,Raybend,MI
9/8/2021,114-6982394-2291426,BrightChild,0,0,0,0,0,Musical Instruments,B08CY6ZDMW,Midline Valve PVC Inline Check Valve for Backflow Prevention 1-1/2'' FIP White Plastic (4I2U112),40141600,Midline Valve,Midline Valve,4I2U112,Pro Plumbing Supply,NJ
9/8/2021,113-5087488-9263414,BrightChild,1,9.99,0.82,10.81,0,Musical Instruments,B07J3HDTYB,"Sunmns Furry Windscreen Wind Cover Compatible with Blue Yeti, Yeti Pro Condenser Microphone (Black,White)",52161600,Sunmns,SunmnDirect,8541753684,SunmnDirect,Guangdong
9/5/2021,114-6993485-4416230,BrightChild,1,79.99,4.46,74.45,0,Home Improvement,B08KPVDYMY,"Cloudy Bay Dimmable Upgraded 3 Color 120V LED Indoor Outdoor Step Light,3000K/4000K/5000K 3W 100lm,Stair Light,White,6 Pack",39120000,CLOUDY BAY,,CBST003WH3C-6PK,Cloudybay Lighting Supply Inc,江苏
9/5/2021,113-3430620-0707425,BrightChild,2,84.99,7.01,92,1,Toy,B07PKPHFZM,"Corgi Dog Plush Pillow, Cute Shiba Inu Corgi Butt Stuffed Animal Toys Gifts for Bed, Valentine, Kids Birthday, Christmas (Brown, 17.3inch)",60141002,sofipal,sofi,sofi02,FANQ,Jiangsu
9/5/2021,113-3430620-0707425,BrightChild,2,84.99,7.01,92,1,Prestige Beauty,B000OOSHAM,"Calvin Klein ck one Eau de Toilette, 3.3 Fl. Oz.",53131620,Calvin Klein,Calvin Klein,1KP2702,Amazon.com,
9/3/2021,114-4498956-5771412,BrightChild,1,12.78,0.81,13.59,0,Health and Beauty,B00EAKP8S0,"Energizer AA Lithium Batteries, World's Longest Lasting Double A Battery, Ultimate Lithium (8 Battery Count)",26111700,Energizer,Energizer Batteries- Consumables,L91SBP-8,Amazon,Washington
9/1/2021,114-1238446-0813007,BrightChild,1,179.98,8.92,148.9,1,Home,B094YBN3TL,"INSE Cordless Vacuum Cleaner, 23KPa Powerful Suction Stick Vacuum, Up to 45min Runtime Rechargeable 2500mAh Battery, 10 in 1 Quiet Lightweight Vacuum",47121602,INSE,INSE,S6,INSE US Store,guangdong
9/1/2021,114-7381779-1233836,BrightChild,1,71.99,4.59,76.58,0,Lawn & Patio,B08BRW4YVG,"Acid Blue Muriatic Acid - Swimming Pool pH Reducer Balancer | Buffered, Low-Fume - Case (4 Gallons)",56101600,LEISURE POOL & SPA SUPPLY INC. LP,"Champon Packaging & Distribution, Inc.",,"Leisure Pool & Spa Supply, Inc.",
9/1/2021,114-4173399-5617056,BrightChild,1,277.04,17.66,294.7,1,"Business, Industrial, & Scientific Supplies Basic",B07B4Y6TBT,"Barnes 115369 Model SP75AX Submersible Cast Iron Sump Pump - 3/4 HP, 4,800 GPH, 20' Cord, Piggy Back Mechanical Float Switch, For Residential Use",40151500,Barnes,Crane Pumps & Systems,115369,Amazon.com,
8/29/2021,114-0511596-8481826,BrightChild,2,63.67,4.06,67.73,0,Home,B01G5WNS8W,Unger Click & Dust Microfiber Duster with Pivoting Handle,47130000,Unger,"Unger Industrial, LLC",978232,Amazon.com,
8/29/2021,114-0511596-8481826,BrightChild,2,63.67,4.06,67.73,0,Home Improvement,B00HYYSVPG,"Unger Professional Connect & Clean 6 - 16 Foot Telescoping Extension Multi-Purpose Pole, Window Cleaning, Dusting",27000000,Unger,Arett Sales,962760C,Amazon.com,
8/29/2021,113-3094292-3098602,BrightChild,5,71.95,4.59,76.54,0,Single Detail Page Misc,B07R3G5P2Z,24 Pieces Kraft Paper Party Favor Gift Bags with Handle Assorted Colors (Rainbow),60120000,My Party Time,My Party Time,,DECABUY,CA
8/29/2021,113-3094292-3098602,BrightChild,5,71.95,4.59,76.54,0,Sports,B07KMY1P63,"Yuham Magnetic Dart Board Indoor Outdoor Games for Adults and Family, Toys Gifts for 5 6 7 8 9 10 11 12 13 Year Old Boy Kids, 12pcs Safe Darts, Easily",49000000,Yuham,Yuham,,ZS Yangmei,Zhejiang
8/29/2021,113-1899757-8145055,BrightChild,2,39.98,2.54,42.52,0,Toy,B08MTTQJHM,"Ganowo 30 Pack Party Favor, Fidget Snake Cube Twist Puzzle Toys for Kids Teens Stocking Stuffers Bulk Birthday Party Supplies Goodie Bags Fillers, Ran",60141105,Ganowo,Ganowo,,USMETOO,GUANGDONG
8/29/2021,113-4535522-3899417,BrightChild,10,174.13,11.11,185.24,1,Toy,B00JM5GZGW,"Play-Doh Modeling Compound 36 Pack Case of Colors, Non-Toxic, Assorted Colors, 3 Oz Cans (Amazon Exclusive)",60120000,Play-Doh,Hasbro - Import,36834F01,Amazon.com,
8/29/2021,113-4535522-3899417,BrightChild,10,174.13,11.11,185.24,1,Art and Craft Supply,B08SJWP695,"zxyxka Blue Glitter Congratulations Banner, Congrats Grad Well Done Graduate 2021 We are So Proud of You Graduation Party Bunting Decorations Supplies",60120000,zxyxka,zxyxka,,GrantParty,Guangdong
8/29/2021,113-4535522-3899417,BrightChild,10,174.13,11.11,185.24,1,Toy,B076Y3VMSR,"Party Puzzle Toy,12 Pack Mini Cubes Set Party Favors Cube Puzzle,Original Color 1.18 Inch Puzzle Magic Cube Eco-Friendly Safe Material with Vivid Colo",60141105,Nunkitoy,Original Color,oc175,Original Color US,guang dong sheng
8/29/2021,113-4535522-3899417,BrightChild,10,174.13,11.11,185.24,1,Toy,B0917KDX1S,"Felt, We Are So Proud Of You Banner - Blue Graduation Decorations 2021 No DIY | Happy Graduation Banner for High School, College Grad Party Decor | Co",60121606,KatchOn,KatchOn,,KatchOn™ Store,UK
8/29/2021,113-4535522-3899417,BrightChild,10,174.13,11.11,185.24,1,Sports,B0058DQLO8,"Triumph Sports 2-in-1 Bag Toss/ Washer Toss Combo - Includes 2 Game Platforms, 6 Toss Bags, 6 Washers",44103105,Triumph Sports,Escalade Sports,35-7071-2,Amazon.com,
8/28/2021,112-3977021-0574602,BrightChild,1,96.99,8,104.99,1,Personal Computer,B07GCKQD77,Logitech G Pro Wireless Gaming Mouse with Esports Grade Performance,43211708,Logitech G,Logitech,910-005270,Amazon.com,
8/25/2021,112-3910645-3071442,BrightChild,2,28.28,2.34,30.62,0,Sports,B01LAW0W3Q,JBM Yoga Block Plus Strap with Metal D-Ring Yoga Brick Cork Yoga Block 6 Colors - High Density EVA Foam Yoga Block to Support and Deepen Poses,49000000,JBM international,JBM International,,JBM international,DELAWARE
8/25/2021,112-3910645-3071442,BrightChild,2,28.28,2.34,30.62,0,Sports,B07WG629NK,"arteesol Exercise Mat, Classic 1/4 inch All-Purpose Non-Slip Anti-Tear Pro Yoga Mat Fitness Mat High Density with Carrying Strap for Yoga/Pilates/Exer",53100000,arteesol,arteesol,,Skeeper DIRECT,guangdong
8/25/2021,113-2598145-1117049,BrightChild,1,86.94,7.17,94.11,1,Speakers,B08H8SG8FV,Heil Sound PL-2T Overhead Broadcast Boom (Renewed),52161500,HeiL,Heil Sound,,Amazon Warehouse,WA
8/25/2021,113-7758186-2390607,BrightChild,1,41.88,3.46,45.34,0,Musical Instruments,B078MGXLVS,Blue Radius III Custom Shockmount for Yeti and Yeti Pro USB Microphones,43211700,Blue,Blue,989-000539,liyeel,福建
8/24/2021,112-7145483-1114669,BrightChild,1,61,3.89,64.89,0,Book,323358411,"Saunders Comprehensive Review for the NCLEX-RN® Examination, 8e",55101500,Saunders,Saunders,,Amazon.com,
8/22/2021,112-6071688-2114648,BrightChild,1,13.99,1.15,15.14,0,Kitchen,B07W7198TH,"DEVICO Portable Utensils, Travel Camping Cutlery Set, 8-Piece including Knife Fork Spoon Chopsticks Cleaning Brush Straws Portable Case, Stainless Ste",52151700,DEVICO,,,DEVICO,Guang dong sheng
8/22/2021,113-8461383-6827433,BrightChild,1,10.99,0.91,11.9,0,Grocery,B006FUL4AE,"Sparkling Ice, Classic Lemonade Sparkling Water, with Antioxidants and Vitamins, Zero Sugar, 17 fl oz Bottles (Pack of 12)",50202300,Sparkling ICE,Talking Rain Beverage Company,FG00056,Amazon.com,
8/22/2021,114-6859177-0822657,BrightChild,1,10.99,0.91,11.9,0,Apparel,B08NH93HFS,YJacuing Genshin Impact Cute Acrylic Keychain Figure (Diluc),46170000,YJacuing,Wild for Life,,Wild for Life,Zhejiang
8/22/2021,114-3241422-9264263,BrightChild,1,34.99,2.45,37.44,0,Photography,B07TQR22QS,"TETHYS Wireless Security Camera 1080P Indoor [Work with Alexa] Pan/Tilt WiFi Smart IP Camera Dome Surveillance System w/Night Vision,Motion Detection,",46171610,TETHYS,TETHYS,,Luxbuy Distribution,CA
8/19/2021,113-8711139-7492265,BrightChild,1,9.99,0.96,15.44,0,Apparel,B099WKVX25,Rudraksha Rakhi for Brother Kids Simple Rakhi Thread Bracelet for Raksha Bandhan (Chandan),54100000,Generic,,,AAG STORE,MAHARASHTRA
8/19/2021,113-2495122-8824234,BrightChild,1,11.99,0,30.43,0,Jewelry,B01FNTFSFE,IndiaBigShop Rakhi for Brothers Om Design Rakhi Thread Raksha Bandhan Gift for Your Brother Vary Color and Multi Design - Set of 2,54101601,IndiaBigShop,IndiaBigShop,ABCD,IndiaBigShop,
8/18/2021,112-0607579-9554642,BrightChild,1,40.99,3.38,44.37,0,Apparel,B07Q5ZB9LJ,BerryGo Women's Sexy V Neck Bodycon Sequin Gown Evening Dress with Slit Black,53100000,BerryGo,,BECL0889113,BerryGo,Shandong
8/17/2021,111-6862656-1726641,BrightChild,1,35.98,2.29,38.27,0,Wireless,B07YX6WCLH,"HoMedics UV Clean Phone Sanitizer, UV Light Sanitizer, Fast Germ Sanitizer for Cell Phone, Makeup Tools, Credit Cards, Keys, Glasses, Kills 99.9% of B",43191601,Homedics,HoMedics,SAN-PH100-BK,Amazon.com,
8/17/2021,111-4133862-0208211,BrightChild,1,9.99,0.82,10.81,0,Office Product,B085TBNT6B,"Nurse Badge Holder Reel, 3 Pcs Retractable Badge Reels with Alligator Clip, Name / ID Card Holders for Nursing and School Student 24 inch Nylon Cord",55121804,FUREEY,FuRuiYing Tech,,FUREEY Trade,guangdong
8/12/2021,113-2072533-4361003,BrightChild,1,25.99,1.66,27.65,0,Personal Computer,B08RHR6CZM,"ZoneFoker Case for iPad 8th/7th Generation Case, for iPad 10.2 inch Case 2020/2019, Clear Dual-Layer Heavy Duty Shockproof iPad Case with Stand Tablet",43211620,ZoneFoker,ZoneFoker,,ArtSet,NC
8/8/2021,112-4857630-0204206,BrightChild,4,40,0,40,0,Electronic Gift Card,B07PCMWTSG,Amazon eGift Card - Amazon Logo,64151505,Amazon,,307_US_Email,Amazon.com,
8/6/2021,113-0288339-7324267,BrightChild,1,16.99,1.4,18.39,0,Kitchen,B07PSJ72Z4,"Andaz Press 11oz. Dental School Graduation Coffee Mug Gift, I Swear to Pull the Tooth, The Whole Tooth, And Nothing But the Tooth. - The Dentists' Ple",52150000,Andaz Press,Andaz Press,APP44286,Andaz Press,CA
8/5/2021,113-0132346-8861018,BrightChild,1,24.99,2.06,27.05,0,Kitchen,B01N40VKKT,HotelSpaWave Luxury Soap/Shampoo/Lotion Modular-Design Shower Dispenser System (Pack of 3),47131704,Hotel Spa,Interlink Products,1627,Interlink Products,NJ
8/5/2021,111-0019932-6675431,BrightChild,1,8.99,0.74,9.73,0,Personal Computer,B00N2VIWPY,Amazon Basics RJ45 Cat-6 Ethernet Patch Internet Cable - 25 Feet (7.6 Meters),43220000,Amazon Basics,Amazon Basics,HL-001764,Amazon,Washington
8/3/2021,112-4618139-7575438,BrightChild,1,129.99,10.72,140.71,1,Personal Computer,B00W95RR32,"LG 24M47VQ 24-Inch LED-lit Monitor, Black",43211900,LG,LG,24M47VQ,Amazon.com,
8/3/2021,112-8210307-3157828,BrightChild,1,15.99,1.02,17.01,0,Personal Computer,B077XJB1Z8,Blueshadow USB WiFi Adapter - Dual Band 2.4G/5G Mini Wi-fi ac Wireless Network Card Dongle with High Gain Antenna for Desktop Laptop PC Support Window,43211614,Blueshadow,Blueshadow,802,Grand Shine,Guangdong
8/3/2021,111-8769992-8931440,BrightChild,1,24.82,1.58,26.4,0,Health and Beauty,B018NZJFEK,"Nuun Sport + Caffeine: Electrolyte Drink Tablets, Mixed Flavor Box, 10 Count (Pack of 4)",50500000,Nuun,nuun & co.,4332491560,Amazon,Washington
8/3/2021,113-4534955-3821860,BrightChild,1,39.99,2.55,42.54,0,Sports,B08PDNCMMN,"Thermacell E55 Rechargeable Mosquito Repeller; Highly Effective Rechargeable Mosquito Repellent, Black",49120000,Thermacell,Thermacell,E55L,Amazon.com,
8/2/2021,113-3870231-5691402,BrightChild,2,20.57,1.31,21.88,0,Grocery,B00GZFYANW,"Sparkling Ice, Strawberry Watermelon Sparkling Water, with Antioxidants and Vitamins, Zero Sugar, 17 fl oz Bottles (Pack of 12)",50202300,Sparkling ICE,Talking Rain Beverage Company,FG00067,Amazon,Washington
8/2/2021,113-3870231-5691402,BrightChild,2,20.57,1.31,21.88,0,Grocery,B006FUL3XC,"Sparkling Ice, Coconut Pineapple Sparkling Water, with Antioxidants and Vitamins, Zero Sugar, 17 fl oz Bottles (Pack of 12)",50202300,Sparkling ICE,Talking Rain Beverage Company,,Amazon,Washington
8/1/2021,113-6274402-9769046,BrightChild,1,10.99,0.7,11.69,0,Grocery,B006FUL4AE,"Sparkling Ice, Classic Lemonade Sparkling Water, with Antioxidants and Vitamins, Zero Sugar, 17 fl oz Bottles (Pack of 12)",50202300,Sparkling ICE,Talking Rain Beverage Company,FG00056,Amazon.com,
7/21/2021,113-7786283-9177803,BrightChild,1,19.99,1.65,21.64,0,Beauty,B07GGDRPNF,Retainer Brite Tablets for Cleaner Retainers and Dental Appliances - 120 Count,53131600,Retainer Brite,Dentsply,,GreenDot sales,KS
7/21/2021,114-9213838-3864204,BrightChild,1,429.4,35.43,464.83,1,Office Product,B07QK2KDYC,"Color imageCLASS MF644Cdw - All-in-One, Wireless, Mobile-Ready, Duplex Laser Printer with 3 Year Warranty",43212100,Canon,Canon USA,MF644Cdw,BeachAudio,ca
7/21/2021,114-1039008-1406634,BrightChild,0,0,0,0,0,CE,B07FMX1RXT,"Brother MFC-L3710CW Compact Digital Color All-in-One Printer Providing Laser Printer Quality Results with Wireless, Amazon Dash Replenishment Ready",43212110,Brother,Brother Printer,MFCL3710CW,Max Tech Depot (S/N Recorded),GA
7/16/2021,113-2920810-1654606,BrightChild,1,358.99,22.89,381.88,1,Personal Computer,B08Z3B9D2K,"Windows Laptop Computer 15.6 inch, 8GB RAM 128GB M.2 SSD Windows 10 Pro PC Laptops, Intel Celeron J4155 Quad Core Notebook, Support 5G WiFi, Mini HDMI",43211503,MRMAODOU,southholdings,151G,WDmart,广东
7/15/2021,113-9352252-5129809,BrightChild,1,358.99,22.89,381.88,1,Personal Computer,B08Z3B9D2K,"Windows Laptop Computer 15.6 inch, 8GB RAM 128GB M.2 SSD Windows 10 Pro PC Laptops, Intel Celeron J4155 Quad Core Notebook, Support 5G WiFi, Mini HDMI",43211503,MRMAODOU,southholdings,151G,WDmart,广东
7/15/2021,113-4231254-5446609,BrightChild,1,27.57,0,30.56,0,Beauty,B086CS8YXB,"Nizoral Anti-dandruff Shampoo, Fresh, 14 Fl Oz",53131628,Nizoral,AmazonUs/KRABH,2.00531E+13,"Kramer Laboratories, Inc.",NJ
7/13/2021,114-5694890-1453822,BrightChild,2,619.98,39.52,659.5,1,Personal Computer,B089H2FYN9,Laptop 15.6 inch Notebook 8GB RAM 128GB SSD YELLYOUTH Full HD 1920 x 1080 Intel CPU Quad Core Computer with WiFi HDMI Windows 10 Notebook Silver,43211503,YELLYOUTH,YELLYOUTH,YY-NB157,002trade,Guangdong
7/10/2021,111-5223472-5691427,BrightChild,2,147.98,12.2,160.18,1,Office Product,B00ZP2H49I,AGPtEK Hands-Free Call Center Noise Cancelling Corded Binaural Headset Headphone with 4-Pin RJ9 Crystal Head and Mic Microphone for Desk Phone - Telep,52161514,AGPTEK,AGPtek,8541729983,Mambate USA,NY
7/10/2021,111-5223472-5691427,BrightChild,2,147.98,12.2,160.18,1,Personal Computer,B0148NNKTC,"Acer R240HY bidx 23.8-Inch IPS HDMI DVI VGA (1920 x 1080) Widescreen Monitor, Black",43211902,Acer,Acer,R240HY bidx,Amazon.com,
7/8/2021,111-9766659-8504239,BrightChild,1,74.99,4.78,79.77,0,Lawn & Patio,B08BRW4YVG,"Acid Blue Muriatic Acid - Swimming Pool pH Reducer Balancer | Buffered, Low-Fume - Case (4 Gallons)",56101600,LEISURE POOL & SPA SUPPLY INC. LP,"Champon Packaging & Distribution, Inc.",,"Leisure Pool & Spa Supply, Inc.",
7/8/2021,113-3362419-3629049,BrightChild,1,7.99,0.7,11.68,0,"Business, Industrial, & Scientific Supplies Basic",B07GGG5JWS,"Mini HDMI to HDMI, Benfei 3 Pack Gold Plated HDMI to Mini HDMI Adapter Compatible for Raspberry Pi, Camera, Camcorder, DSLR, Tablet, Video Card",26121600,BENFEI,Benfei,000197black-3p,BenfeiDirect,guangdong
7/7/2021,112-7272398-5284233,BrightChild,1,22.95,1.46,24.41,0,Speakers,B08G1DPD7R,"UL Listed USB Type C Charger for Samsung Chromebook Plus XE513C24-K01US,V2 XE521qab-k01us XE520QAB-K01US,LTE XE525QBB-K01US USB-C Laptop Charger Power",26111700,Trospow,XINSPOWER,A481-2002250D,Trospow,Guangdong
7/7/2021,112-3340199-2474617,BrightChild,1,219.66,18.12,237.78,1,Personal Computer,B0873ZMXKK,"Samsung Chromebook 4 + Chrome OS 15.6"" Full HD Intel Celeron Processor N4000 4GB RAM 32Gb Emmc Gigabit Wi-Fi -XE350XBA-K01US - Silver (Renewed)",43211503,SAMSUNG,Samsung,XE310XBA-K01US,MASTER OF ECOMMERCE,TX
7/7/2021,112-3878897-3106660,BrightChild,1,9.99,0.64,10.63,0,CE,B07KJFS8HJ,POLYCOM AC Adapter,43000000,POLYCOM,Polycom Inc.,2200-48872-001,Millennium Tech Recycling,NH
7/5/2021,114-6994303-3510608,BrightChild,1,9.99,0.64,10.63,0,CE,B07KJFS8HJ,POLYCOM AC Adapter,43000000,POLYCOM,Polycom Inc.,2200-48872-001,Millennium Tech Recycling,NH
6/29/2021,114-6517895-2178637,BrightChild,1,12.49,0.87,13.36,0,CE,B07DQWT15Y,"Amazon Basics Small Digital Alarm Clock with Nightlight and Battery Backup, LED Display",54111600,Amazon Basics,Amazon Basics,AB20,Amazon,Washington
6/27/2021,113-6654685-4878637,BrightChild,1,5.99,0.49,6.48,0,Kitchen,B004RTBOK0,"Kizmos Magnetic Multipurpose Bag Clips, Set of 7, Multicolored",52150000,Kizmos,Kizmos,5057494,Amazon,Washington
6/24/2021,113-7828363-2423468,BrightChild,1,13.85,1.14,14.99,0,Personal Computer,B081CQX7TK,"USB-C to HDMI Female Adapter 4K@60Hz, JSAUX USB Type-C to HDMI Adapter Cord [Thunderbolt 3] Compatible with MacBook Pro 2018 2017, iPad Pro 2021, Sams",43000000,JSAUX,JSAUX,,JS Digital,Guangdong
6/24/2021,114-3822536-9760213,BrightChild,1,19.69,1.26,20.95,0,"Business, Industrial, & Scientific Supplies Basic",B002Q3TYA6,"Genuine Joe GJO21120 C-Fold Paper Towels (Pack of 12), White",14111703,Genuine Joe,Genuine Joe,GJO21120,Amazon.com,
6/23/2021,113-7558230-4982650,BrightChild,1,21.99,1.81,23.8,0,CE,B07SR4K2R9,"Conference USB Microphone, Computer Desktop Mic, TKGOU Plug & Play Omnidirectional Condenser PC Laptop Microphones for VoIP Calls,Skype,Meeting,Record",52161500,TKGOU,Tkgo,,TKGOU Store,guangdong
6/21/2021,113-5010720-3256230,BrightChild,1,59.99,3.63,60.62,0,CE,B092MLLSP4,"Speedefy High Speed Pro WiFi Router - Dual Band AC2100 Wireless Router for Streaming & Gaming, Up to 35 Devices, 2000 sq.ft Coverage, 4X4 MU-MIMO, USB",43222600,Speedefy,Speedefy,,Speedefy Router,guangdong
6/21/2021,114-8909784-1891402,BrightChild,1,15.74,1.38,17.12,0,Book,1950099148,Party in an Instant Pot: 75+ Insanely Easy Instant Pot Recipes from the Editors of Delish,55101500,,Hearst,,Hearst Product Studio,NEW YORK
6/21/2021,114-2497319-3254624,BrightChild,1,9.99,0.82,10.81,0,"Business, Industrial, & Scientific Supplies Basic",B01NH500RV,"USB C to HDMI Cable, Benfei USB Type-C to HDMI 6 Feet Cable [Thunderbolt 3 Compatible] for MacBook Pro 2020/2019/2018, MacBook Air/iPad Pro 2018, Sams",43202222,BENFEI,BENFEI,000120black,BenfeiDirect,guangdong
6/21/2021,114-9598316-2017829,BrightChild,1,12.25,0,12.25,0,Health and Beauty,B07YLTS7BZ,"Prove Pen Needles 31 Gauge, 1/14 Inch, 6mm, 100 Count",42142600,Prove,Future Diagnostics LLC,,Amazon,Washington
6/19/2021,114-4997460-0802667,BrightChild,1,10.99,0.91,11.9,0,Office Product,B07GWQF47D,"2 Pack Heavy Duty Retractable Badge Holder Reel, Will Well Metal ID Badge Holder with Belt Clip Key Ring for Name Card Keychain [All Metal Casing, 27.",55120000,Will Well,Will Well,,Will Well Direct,Fujian
6/18/2021,113-7837709-5675454,BrightChild,1,21.02,0,21.02,0,Health and Beauty,B073KQL91T,"Myprotein® Creatine Monohydrate, Unflavored, 2.2 Lb (200 Servings)",50500000,Myprotein,Myprotein,,Galactic Shop,DE
6/16/2021,113-3794349-1326642,BrightChild,1,16.97,1.08,18.05,0,Sports,B071DVBX6T,"Fit Viva Black Barbell Pad for Standard and Olympic Barbells with Velcro Safety Straps - Foam Pad for Weightlifting, Hip Thrusts, Squats, and Lunges",49000000,Fit Viva,Fit Viva,,Fit Viva,Constanta
6/11/2021,111-5150349-0067447,BrightChild,1,18.99,1.21,20.2,0,Wireless,B07HCDKRM5,"Homelove WWW iPhone Xs Max Case 6.5"" ,iPhone Xs Max Wallet Case, [Luxurious Romantic Carved Flower] Leather Wallet Case with [Makeup Mirror] and [Kic",43191601,Homelove,"Guangzhou Yuchan Trading Co., Ltd",,Homelove,Guangdong
6/11/2021,113-6162361-7358629,BrightChild,1,207.11,13.2,220.31,1,Personal Computer,B0873ZMXKK,"Samsung Chromebook 4 + Chrome OS 15.6"" Full HD Intel Celeron Processor N4000 4GB RAM 32Gb Emmc Gigabit Wi-Fi -XE350XBA-K01US - Silver (Renewed)",43211503,SAMSUNG,Samsung,XE310XBA-K01US,Amazon Warehouse,WA
6/10/2021,113-8350479-4049036,BrightChild,1,4.76,0.3,5.06,0,Health and Beauty,B00009EFEX,"CLR Calcium, Lime & Rust Remover, Blasts Calcium, Dissolves Lime, Zaps Rust Stains, 28 Ounce Bottle (Packaging May Vary)",47131805,CLR,CLR,CLR,Amazon,Washington
6/10/2021,111-9719731-5856266,BrightChild,1,17.57,1.12,18.69,0,Premium Consumer Electronics Brands,B01M0GB8CC,Apple EarPods with Lightning Connector - White,43191609,Apple,Apple Computer,MMTN2AM/A,Amazon.com,
6/6/2021,113-1711463-9941831,BrightChild,2,26.37,1.68,28.05,0,Apparel,B06XWNYFK2,"Hanes Women's Shoe Size 8-12 Sport Cool Comfort Moisture Wicking No Show Socks, 6-Pair Pack, Assorted 4",53102402,Hanes,Hanes,4A1/6,Amazon.com,
6/6/2021,113-1711463-9941831,BrightChild,2,26.37,1.68,28.05,0,Apparel,B07F2N8LHQ,"Amazon Essentials Women's 6-Pack Performance Cotton Cushioned Athletic No-Show Socks, White, Shoe Size: 6-9",53100000,Amazon Essentials,Amazon Essentials,WAE75105F18,Amazon.com,
6/6/2021,113-0110367-2627414,BrightChild,1,16.99,1.08,18.07,0,Wireless,B08T1SHWWH,"Wallet Case Compatible with iPhone Xs Max, LAMEEKU Crossbody Wallet Case Card Holder Case Quilted Handbag Case for Women Protective Case for iPhone Xs",43191601,LAMEEKU,LAMEEKU-US,iPhone XS Max-6.5,LAMEEKU-US,GUANG DONG
6/6/2021,113-0302587-4678617,BrightChild,1,19.99,1.27,21.26,0,Kitchen,B004VLYQFO,OXO Good Grips Egg Beater,52150000,OXO,OXOX9,1126980,Amazon,Washington
6/4/2021,112-1748257-5370650,BrightChild,1,29.99,0,29.99,0,Health and Beauty,B073KQL91T,"Myprotein® Creatine Monohydrate, Unflavored, 2.2 Lb (200 Servings)",50500000,Myprotein,Myprotein,,Galactic Shop,DE
6/4/2021,111-2186628-2913855,BrightChild,1,49.9,3.18,53.08,0,Speakers,B010NS9QJO,Plantronics 204446-02 Blackwire C325 Headset,43191609,Plantronics,Plantronics,204446-02,DuBois Express,NJ
6/3/2021,113-1641115-0696261,BrightChild,1,16.99,1.02,17.01,0,Sports,B07D31D17S,"Updated 2021 Ventilated Weight Lifting Gym Workout Gloves Full Finger with Wrist Wrap Support for Men & Women, Full Palm Protection, for Weightlifting",53100000,ihuan,,,Springhome,GuangDong
6/3/2021,111-9502348-5390609,BrightChild,1,123,7.84,130.84,1,Book,1634604849,Law and Ethics in the Business of Health Care (Higher Education Coursebook),55101500,,West Academic Publishing,,Amazon.com,
6/3/2021,113-6949734-5969808,BrightChild,1,24.99,1.59,26.58,0,Shoes,B08DKSW2S7,EQUICK Slippers for Women and Men Shower Quick Drying Bathroom Sandals Open Toe Soft Cushioned Extra Thick Non-Slip Massage Pool Gym House Slipper for,53111700,EQUICK,,,Equick Footwear,Fujian
5/31/2021,111-3357843-6972225,BrightChild,1,38,3.33,41.33,0,CE,B07YGZ7Q9N,"Sony Wireless Headphones WH-CH510: Wireless Bluetooth On-Ear Headset with Mic for phone-call, Blue",43191609,Sony,Sony,WHCH510/L,Amazon.com,
5/30/2021,114-6315924-3606624,BrightChild,1,39.99,3.5,43.49,0,Wireless,B077YGDCRQ,MEE audio DualStream S1 Headphone and Speaker Bluetooth Wireless Audio Transmitter/Streamer with aptX Low Latency technology for TVs and other devices,43191600,MEE audio,MEE audio,43239-13295,MEEaudio,CA
5/25/2021,113-2986816-5355429,BrightChild,1,7.98,0,7.98,0,Beauty,B00IXHXT0U,"Neutrogena T/Gel Extra Strength Therapeutic Shampoo with 1% Coal Tar, Anti-Dandruff Treatment for Long-Lasting Relief of Itchy, Flaky Scalp due to Pso",53131628,Neutrogena,Johnson & Johnson SLC,70501094662,Amazon,Washington
5/25/2021,113-2497764-0169839,BrightChild,1,9.04,0.58,9.62,0,Health and Beauty,B01MRF5TCV,Neutrogena Triple Moisture Daily Deep Conditioner 8.45 fl oz,53131602,N'iceshop,N'iceshop,sdf-vbg-dfvd20418,Mr. Medical,ny
5/23/2021,114-8735940-8945001,BrightChild,1,13.3,0.85,14.15,0,Personal Computer,B07WJ5D3H4,Amazon Basics Matte Black Wired Keyboard - US Layout (QWERTY),43211706,Amazon Basics,Amazon Basics,ACI-2323-01,Amazon,Washington
5/13/2021,112-8164716-0143435,BrightChild,3,84.66,5.13,85.56,0,Toy,B071V5FPQC,OHill 60 Pack Mini Plush Emoticon Keychain Mini Pillows Key Ring for Birthday Event Party Favors Supplies,60140000,OHill,OHill,,OHill Direct,Guangdong
5/11/2021,111-0735447-2134615,BrightChild,1,3.93,0,3.93,0,"Business, Industrial, & Scientific Supplies Basic",B00AJ3BK9I,"First Aid Only - FAE-6013 Pac-Kit by Moleskin Blister Prevention, 10 Count",53102000,First Aid Only,First Aid Only,FAE-6013,Amazon,Washington
5/10/2021,114-7629796-2398615,BrightChild,2,22.97,1.47,24.44,0,Home Improvement,B08QJ53Y5G,SPECIAL MADE Collapsible Water Bottles Leakproof Valve Reuseable BPA Free Silicone Foldable Water Bottle for Gym Camping Hiking Travel Sports Lightwei,52150000,SPECIAL MADE,SPECIALMADE,,SPECIAL MADE,Guangdong
5/10/2021,114-7629796-2398615,BrightChild,2,22.97,1.47,24.44,0,Health and Beauty,B01MXSDTUY,Nuun Active: Tri-Berry Electrolyte Enhanced Drink Tablets (2-Pack of 10 Tablets),50000000,Nuun,Nuun,ASM 8PK NUTB New,Good Vitamins,NY
5/6/2021,114-3056709-1198645,BrightChild,1,25.99,1.51,25.16,0,"Business, Industrial, & Scientific Supplies Basic",B08LZ6PGLD,"KN95 Face Mask 20Pcs, 5 Layer Design Cup Dust Safety Masks, Breathable Protection Masks Against PM2.5 Dust Bulk for Adult, Men, Women, Indoor, Outdoor",46182008,ChiSip,"CHENGDE TECHNOLOGY CO., LTD",KN95 (PM2.5) Protective Mask,ChiSip Official Store,Guangzhou
5/6/2021,114-2241402-7366620,BrightChild,3,58.97,3.68,61.25,0,Apparel,B089R9JJRS,Ekouaer Womens 2 Piece Pajama Set Short Sleeve Sleepwear Ladies Summer Nightwear Navy Blue S,53100000,Ekouaer,,,EK-STORE,shenzhenshi
5/6/2021,114-2241402-7366620,BrightChild,3,58.97,3.68,61.25,0,Sports,B08L781M9K,YUESUO Cloth Face Mask Washable Reusable Women Fabric Decorative Party Glitter Bling Mesh Rhinestone Diamond Sparkly Sequin with Design Breathable Dec,46182001,YUESUO,YUESUO,,holidkers,henansheng
5/6/2021,114-2241402-7366620,BrightChild,3,58.97,3.68,61.25,0,Sports,B08KQGMQ2S,YUESUO Cloth Face Mask Washable Reusable Women Fabric Decorative Party Glitter Bling Mesh Rhinestone Diamond Sparkly Sequin with Design Breathable Dec,46182001,YUESUO,YUESUO,,holidkers,henansheng
5/6/2021,113-5540247-3417064,BrightChild,3,607.97,38.75,646.72,1,"Business, Industrial, & Scientific Supplies Basic",B07GGG5JWS,"Mini HDMI to HDMI, Benfei 3 Pack Gold Plated HDMI to Mini HDMI Adapter Compatible for Raspberry Pi, Camera, Camcorder, DSLR, Tablet, Video Card",26121600,BENFEI,Benfei,991389,BenfeiDirect,guangdong
5/6/2021,113-5540247-3417064,BrightChild,3,607.97,38.75,646.72,1,Personal Computer,B08RXYS19J,"penen 15.6 Inch Notebook Laptop Coputer PC, Intel M-5Y51 CPU, Windows 10 Pro, 8GB RAM 128GB SSD, Full HD 1920 x 1080, Chocolate Keyboard, Webcam, 55Wh",43211503,penen,penen,M3,MITOUCH,guangdongsheng
5/5/2021,111-0089122-2439438,BrightChild,1,15.09,0.96,16.05,0,Home,B000BYE9XY,"Trewax Professional Gold Label Stone and Tile Sealer, Fluid, 32-Ounce",47131800,Trewax,"Beaumont Products, Inc.",887142027,Amazon,Washington
5/5/2021,111-4913647-3309004,BrightChild,1,299.99,19.12,319.11,1,Personal Computer,B08RXYS19J,"penen 15.6 Inch Notebook Laptop Coputer PC, Intel M-5Y51 CPU, Windows 10 Pro, 8GB RAM 128GB SSD, Full HD 1920 x 1080, Chocolate Keyboard, Webcam, 55Wh",43211503,penen,penen,M3,MITOUCH,guangdongsheng
5/5/2021,111-3799924-4349031,BrightChild,1,231.46,19.1,250.56,1,Personal Computer,B07XW266D9,"SAMSUNG XE350XBA-K01US Chromebook 4 + Chrome OS 15.6"" Full HD Intel Celeron Processor N4000 4GB RAM 32Gb Emmc Gigabit Wi-Fi, Silver",43211503,Samsung Electronics,Samsung,XE350XBA-K01US,Amazon.com,
5/5/2021,111-8176839-4979464,BrightChild,1,167,10.65,177.65,1,Personal Computer,B0888FPFGK,"Samsung Chromebook 4 Chrome OS 11.6"" HD Intel Celeron Processor N4000 4GB RAM 32GB eMMC Gigabit Wi-Fi - XE310XBA-K01US (Renewed)",43211503,SAMSUNG,Samsung,XE310XBA-K01US,Certified-Technology,TX
5/5/2021,111-0224961-6926615,BrightChild,0,0,0,0,0,Personal Computer,B0888FPFGK,"Samsung Chromebook 4 Chrome OS 11.6"" HD Intel Celeron Processor N4000 4GB RAM 32GB eMMC Gigabit Wi-Fi - XE310XBA-K01US (Renewed)",43211503,SAMSUNG,Samsung,XE310XBA-K01US,Certified-Technology,TX
5/3/2021,114-1816188-3492251,BrightChild,1,8.99,0.57,9.56,0,Home Improvement,B08JG7491D,"Headlamps AAA Battery (Included) Powered, 500 Lumens Ultra Bright Cree Led Headlamp Flashlight, Motion Sensor, Red Lights, Waterproof Running Head Lam",31000000,SuperFire,SuperFire,HL06A-2,SuperFire-US,Guangdong
5/3/2021,114-9703103-9156223,BrightChild,1,19.99,0,19.99,0,Health and Beauty,B08HQP56QF,Plantar Fasciitis Arch Support Insoles for Men and Women Shoe Inserts - Orthotic Inserts - Flat Feet Foot - Running Athletic Gel Shoe Insoles - Orthot,46182208,EASYFEET,EASYFEET,,EASY-STORE,Kyiv
5/1/2021,114-8565869-5469801,BrightChild,1,59.49,3.79,63.28,0,Lawn & Patio,B073XZXGQG,"Aityvert Solar Lights Upgraded 42.9 Inch, Solar Flickering Flame Torch Lights Dancing Flames Landscape Decoration Lighting Dusk to Dawn Auto On/Off Ou",39101603,Aityvert,ACSTAR LTD,AC96,ACSTAR LTD.,Guangdong
4/23/2021,114-1384589-4834660,BrightChild,0,0,0,0,0,Sports,B010OLZ3E2,Survivor Filter Collapsible Canteens (33oz) 2 Pack (2L Total) - Durable Carabiners and Handles. Squeeze Water through a Filter or Use as Water Bottles. Light and BPA Free.,24120000,Survivor Filter,Survivor Filterxae,,Survivor Filter®,NY
4/23/2021,114-1144090-4301836,BrightChild,0,0,0,0,0,Sports,B010OLZ3E2,Survivor Filter Collapsible Canteens (33oz) 2 Pack (2L Total) - Durable Carabiners and Handles. Squeeze Water through a Filter or Use as Water Bottles. Light and BPA Free.,24120000,Survivor Filter,Survivor Filterxae,,Survivor Filter®,NY
4/21/2021,114-7195793-8867468,BrightChild,1,87.99,5.61,93.6,1,Lawn & Patio,B01D15HOTU,"Orbit 57950 B-hyve Smart 12-Zone Indoor/Outdoor Sprinkler Controller, Compatible with Alexa",52151600,Orbit,Orbit Irrigation Products,57950,Amazon.com,
4/21/2021,113-1039795-6361831,BrightChild,1,54.99,3.86,50.6,0,CE,B07DM7N5BH,"WALI Premium Dual LCD Monitor Desk Mount Fully Adjustable Gas Spring Stand for Display up to 32 inch, 17.6 lbs Capacity (GSDM002), Black",43210000,WALI,WALI,GSDM002,Wali Electric,CA
4/16/2021,112-5172280-3313043,BrightChild,1,7.59,0,7.59,0,Health and Beauty,B07YLTS7BZ,"Prove Pen Needles 31 Gauge, 1/14 Inch, 6mm, 100 Count",42142600,Prove,Future Diagnostics LLC,,Amazon,Washington
4/16/2021,112-2697644-6135463,BrightChild,1,18.99,1.21,20.2,0,CE,B08RP4S3XK,65W 45W USB-C AC Charger for Lenovo Chromebook C330 S330 100e 300e N23 ADLX65YDC2A GX20N20876 for HP Chromebook X360 14-CA000 11-AE000 14-ca051wm 14-c,55111500,EICYSTON,"DONGGUAN TOPZHEN ELECTRONICS CO.,LTD",DZ65200325,EICYSTON INC,Guangdong
4/14/2021,114-4527179-6126664,BrightChild,1,26.99,1.72,28.71,0,Personal Computer,B07N1WW638,"TP-Link AC750 WiFi Extender (RE220), Covers Up to 1200 Sq.ft and 20 Devices, Up to 750Mbps Dual Band WiFi Range Extender, WiFi Booster to Extend Range",43220000,TP-Link,TP-Link,RE220,Amazon.com,
4/12/2021,112-8056125-2967402,BrightChild,2,89.98,5.74,95.72,1,Home Improvement,B07J4HXTVX,Amazon Basics Handleset with Tulip Knob - Single Cylinder - Matte Black,31160000,Amazon Basics,Amazon Basics,ZIA54910,Amazon,Washington
4/9/2021,111-3323521-1817068,BrightChild,2,81.94,5.23,87.17,1,Health and Beauty,B06XYL7DKX,"SEVINNOK - pest Repeller. Indoor, Electronic - ultrasonic (Sonic; Sound) pest Control, Rats and mice Repeller, Rodent Repellent Plug in.",56101600,SEVINNOK,7ok innovations Inc,ZN-319,KonNives Inc,GA
4/9/2021,111-3323521-1817068,BrightChild,2,81.94,5.23,87.17,1,Lawn & Patio,B08Z6WPNHT,"Ultrasonic Animal Repellent, Animal Repeller Deterrent with Motion Sensor, Solar Powered Waterproof with Flashing Light, Scares Off Repels Squirrels, ",46182500,BOMEON,BOMEON,,reandhhinkjjfiha,GA
4/8/2021,114-8497978-9569042,BrightChild,1,20.99,1.73,22.72,0,Kitchen,B08LNGGK3C,"LAO XUE Ice Cube Mold Ice Trays, Large Silicone Ice Bucket, (2 in 1) Ice Cube Maker, Round,Portable,For Frozen Whiskey, Cocktail, Beverages",52150000,LAO XUE,LAO XUE,,ZXEDP,fujiansheng
4/8/2021,114-3793425-1201822,BrightChild,1,15.99,1.32,17.31,0,Wireless,B07JQ2QT71,Spigen Tempered Glass Screen Protector Designed for Surface Laptop 2 (13.5 inch / 2018) [9H Hardness],43212001,Spigen,Spigen,J07GL25540,Spigen Inc,CA
4/7/2021,113-9983891-2137063,BrightChild,2,89.98,5.74,95.72,1,Home Improvement,B07J4HXTVX,Amazon Basics Handleset with Tulip Knob - Single Cylinder - Matte Black,31160000,Amazon Basics,Amazon Basics,ZIA54910,Amazon.com,
3/31/2021,113-6748138-9753037,BrightChild,1,23.99,1.53,25.52,0,Sports,B01LZ7PLAG,"Crampons Upgraded 19 Spikes with 304 Stainless Steel Chain Ice Snow Grips Traction Cleats System Safe Protect for Walking, Jogging, or Hiking on Snow",49000000,Uelfbaby,Uelfbaby,,Uelfbaby shop,Guangdong
3/31/2021,113-9720837-1125824,BrightChild,0,0,0,0,0,Sports,B07RZ5M354,"Ice Cleats Traction Crampons Anti Slip 19 Spikes Stainless Steel Snow Grips for Boots Shoes Women Men Kids Spikes Safe Protect for Mountaineering, Climbing, Hiking, Walking Ice Snow Grips, M, L, XL",49120000,SaphiRose,SaphiRose,,SaphiRose,Zhejiang
3/25/2021,113-8228652-5726615,BrightChild,1,15.99,1.02,17.01,0,Apparel,B00KBZPPV8,"Hanes Men's 4 Pack Long Sleeve Comfortsoft T-Shirt, White, Medium",53100000,Hanes,Hanes Men's Athletic Child Code,O5286,Amazon.com,
3/22/2021,113-8945020-2838623,BrightChild,1,34.99,2.23,37.22,0,Sports,B07WT41MTS,"ILM Ski Helmet Snowboard Snow Sports Sled Skate Outdoor Recreation Gear for Men Women (Black, M)",49221500,ILM,ILM,,ILMotor,GA
3/20/2021,111-7467870-8849000,BrightChild,1,229,18.89,247.89,1,Personal Computer,B08529BZSQ,"HP Chromebook 14-inch HD Laptop, Intel Celeron N4000, 4 GB RAM, 32 GB eMMC, Chrome (14a-na0020nr, Ceramic White)",43211503,HP,Hewlett Packard,14a-na0020nr,Amazon.com,
3/18/2021,112-6889213-2785800,BrightChild,1,109.99,6.06,101.05,1,Wireless,B083KZDHTS,"Samsung Galaxy Buds Plus, True Wireless Earbuds (Wireless Charging Case included), Cloud Blue - US Version",43191609,Samsung Electronics,Samsung,SM-R175NZBAXAR,Amazon.com,
3/17/2021,112-0582797-1640249,BrightChild,1,109.99,7.01,117,1,Wireless,B083KZDHTS,"Samsung Galaxy Buds Plus, True Wireless Earbuds (Wireless Charging Case included), Cloud Blue - US Version",43191609,Samsung Electronics,Samsung,SM-R175NZBAXAR,Amazon.com,
3/17/2021,112-9411624-5253049,BrightChild,1,13.98,0.89,14.87,0,CE,B082CZRB37,"HALLEAST for Galaxy Buds+ Plus Cover, Galaxy Buds Carrying Case TPU Full Protective Skin with Keychain Compatible Samsung Galaxy Buds Wireless 2019 2020 Earbuds Accessories, Light Blue",43191601,HALLEAST,HALLEAST,,silicone maid LLC,guangdong
3/15/2021,113-7142322-4617814,BrightChild,1,54.99,3.51,58.5,0,CE,B07DM7N5BH,"WALI Premium Dual LCD Monitor Desk Mount Fully Adjustable Gas Spring Stand for Display up to 32 inch, 17.6 lbs Capacity (GSDM002), Black",43210000,WALI,WALI,GSDM002,Wali Electric,CA
3/14/2021,113-3594371-6377851,BrightChild,1,23.28,1.48,24.76,0,Health and Beauty,B0014ZZ0F0,"Escali B80RC Classic Glass Bathroom Body Scale, LCD Digital Display, 400lb Capacity, Clear",53130000,Escali,Escali,B180RC,Amazon.com,
3/11/2021,111-0770614-0997021,BrightChild,1,211.18,17.42,228.6,1,Personal Computer,B08529BZSQ,"HP Chromebook 14-inch HD Laptop, Intel Celeron N4000, 4 GB RAM, 32 GB eMMC, Chrome (14a-na0020nr, Ceramic White)",43211500,HP,Hewlett Packard,14a-na0020nr,Amazon.com,
3/11/2021,111-1239146-3469820,BrightChild,1,211.18,17.42,228.6,1,Personal Computer,B08529BZSQ,"HP Chromebook 14-inch HD Laptop, Intel Celeron N4000, 4 GB RAM, 32 GB eMMC, Chrome (14a-na0020nr, Ceramic White)",43211500,HP,Hewlett Packard,14a-na0020nr,Amazon.com,
3/11/2021,111-1928435-3438657,BrightChild,0,0,0,0,0,Personal Computer,B07L52KX7B,"HP 14-inch Chromebook HD Touchscreen Laptop PC (Intel Celeron N3350 up to 2.4GHz, 4GB RAM, 32GB Flash Memory, WiFi, HD Camera, Bluetooth, Up to 10 hrs Battery Life, Chrome OS , Black)",26111700,HP,hp,HP 14 inch chromebook,HALF TIME,NJ
3/10/2021,113-8370128-9621864,BrightChild,0,0,0,0,0,Personal Computer,B07L52KX7B,"HP 14-inch Chromebook HD Touchscreen Laptop PC (Intel Celeron N3350 up to 2.4GHz, 4GB RAM, 32GB Flash Memory, WiFi, HD Camera, Bluetooth, Up to 10 hrs Battery Life, Chrome OS , Black)",26111700,HP,hp,HP 14 inch chromebook,HALF TIME,NJ
3/10/2021,111-7003386-7760257,BrightChild,0,0,0,0,0,Automotive Parts and Accessories,B07PWNGPR1,"Motor Trend Premium FlexTough All-Protection Cargo Mat Liner - w/Traction Grips & Fresh Design, Heavy Duty Trimmable Trunk Liner for Car Truck SUV, Black (DB220-B2)",25174418,Motor Trend,BDK,DB220-B2,Amazon.com,
3/5/2021,114-4130759-1926666,BrightChild,1,339,21.61,360.61,1,Personal Computer,B08RXYM7K5,"Laptop Windows 10 Pro OS, 15.6 inch Laptop Notebook Computer PC, Intel Core M-5Y51 CPU, 8GB RAM 128GB SSD, Full HD 1920 x 1080, HDMI, Bluetooth, Webcam, M5",43211503,penen,penen,M5,MITOUCH,guangdongsheng
3/3/2021,112-3152995-5065865,BrightChild,1,403.03,25.69,428.72,1,Personal Computer,B081Y1Q868,"2019 ASUS VivoBook 15 15.6 Inch FHD 1080P Laptop (AMD Ryzen 3 3200U up to 3.5GHz, 8GB DDR4 RAM, 128GB SSD, AMD Radeon Vega 3, Backlit Keyboard, FP Rea",43211503,ASUS,Asus,,Amazon Warehouse,WA
3/3/2021,112-0907454-6832245,BrightChild,1,249,20.54,269.54,1,Personal Computer,B07L52KX7B,"Newest HP 14-inch Chromebook HD Touchscreen Laptop PC (Intel Celeron N3350 up to 2.4GHz, 4GB RAM, 32GB Flash Memory, WiFi, HD Camera, Bluetooth, Up to",26111700,HP,hp,HP 14 inch chromebook,HALF TIME,NJ
2/24/2021,112-6238644-9185035,BrightChild,1,27.95,1.78,29.73,0,Wireless,B07Z99PYXP,"Powlaken for Surface Pro Charger 65W, Compatible with Surface Pro 3/4/5/6/7 Power Supply Adapter, Compatible for Both Microsoft Surface Book Laptop/Ta",43000000,POWLAKEN,POWLAKEN,A1706,PHENI BODY,
2/19/2021,112-6070974-9353030,BrightChild,1,256.49,16.35,272.84,1,Personal Computer,B07R81YPV7,"Lenovo Chromebook S330 Laptop, 14-Inch FHD (1920 x 1080) Display, MediaTek MT8173C Processor, 4GB LPDDR3, 64GB eMMC, Chrome OS, 81JW0000US, Business B",43211503,Lenovo,Lenovo,,Amazon Warehouse,WA
2/16/2021,111-2763450-1715448,BrightChild,1,6.99,0.58,7.57,0,Office Product,B00P19MFYE,"Pilot G2, Dr. Grip Gel/Ltd, ExecuGel G6, Q7 Rollerball Gel Ink Pen Refills, 0.7mm, Fine Point, Black Ink, 3 Packs of 2",44121701,PILOT,Pilot,BC27652,Century_Six,
2/14/2021,111-5359831-2586621,BrightChild,3,98.97,6.3,105.27,1,Home,B08R3JRZQV,"Gazeer 1 Pack C545 True HEPA Filter & 4 Pcs Carbon Pre-Filters Replacement Filter S for Winix C545 Air Purifier, True HEPA Filter and Activated Carbon Filter, Part Number 1712-0096-00",52140000,Gazeer,Gazeer,,RIDDLE STAR,
2/6/2021,111-0533566-5538602,BrightChild,1,49.95,3.09,40.55,0,Shoes,B01A6LTOGS,"Crocs unisex adult Classic Lined | Warm and Fuzzy Slippers Clog, Black/Black, 13 Women 11 Men US",53110000,Crocs,Crocs,203591,Amazon.com,
2/2/2021,111-8107534-0625060,BrightChild,1,19.99,1.65,21.64,0,Home Improvement,B085FS4JTD,Green Gobbler Liquid Hair & Grease Clog Remover | Drain Opener | Drain cleaner | Toilet Clog Remover - 2 Pack,30180000,Green Gobbler,Green Gobbler,,EcoClean Solutions,
1/28/2021,111-5708435-3227449,BrightChild,1,20,1.28,21.28,0,Book,1592400868,Leadership Presence,55101500,Avery,Avery,,Amazon.com,
1/28/2021,111-6699971-5846619,BrightChild,1,49.28,3.14,52.42,0,Book,1108817432,Strategic Compensation and Talent Management: Lessons for Managers,55101500,Cambridge University Press,Cambridge University Press,,Amazon.com,
1/27/2021,111-8059549-8407430,BrightChild,1,37.12,2.37,39.49,0,Home Improvement,B0069P7JMC,Kohler 1131481 Hot Ultraglide Complete Valve Assembly,40141600,Kohler,KOHLER,1131481,Amazon,Washington
1/27/2021,111-1032481-2821804,BrightChild,1,21.99,1.4,23.39,0,CE,B00K8V2Y8W,ML9-12 - 12 V 9 Ah Rechargeable SLA Battery - Mighty Max Battery Brand Product,26111701,Mighty Max Battery,Mighty Max Battery,ML9-12,Amazon.com,
1/27/2021,111-5262249-8086655,BrightChild,1,8.76,0.72,9.48,0,Personal Computer,B00NH11KIK,"AmazonBasics USB 2.0 Printer Cable - A-Male to B-Male Cord - 6 Feet (1.8 Meters), Black",43202222,Amazon Basics,Amazon Basics,7HUA,Amazon,Washington
1/26/2021,114-3753570-2538645,BrightChild,1,29,2.39,31.39,0,CE,B0070B4ULW,HP 10bII+ Financial Calculator (NW239AA),44101800,HP,HEWLETT PACKARD COMPANY,HEW2716570,Electronics Club,
1/23/2021,111-0620592-4498641,BrightChild,1,7.45,0.61,8.06,0,PC Accessory,B077BPW8XJ,"DisplayPort to DisplayPort 6 Feet Cable, Benfei DP to DP Male to Male Cable Gold-Plated Cord, Supports 4K@60Hz, 2K@144Hz Compatible for Lenovo, Dell, HP, ASUS and More",43202222,BENFEI,BENFEI,000163black,BenfeiDirect,guangdong
1/23/2021,111-8627298-3171423,BrightChild,1,118.69,9.79,128.48,1,Personal Computer,B072XCZSSW,BenQ 24 Inch IPS Monitor | 1080P | Proprietary Eye-Care Tech | Ultra-Slim Bezel | Adaptive Brightness for Image Quality | Speakers | GW2480 Black,43211900,BenQ,BenQ,GW2480,Amazon,Washington
1/23/2021,113-7262046-3120221,BrightChild,1,69.99,3.82,63.81,0,Lawn & Patio,B073XZXGQG,"Aityvert Solar Lights Upgraded 42.9 Inch, Solar Flickering Flame Torch Lights Dancing Flames Landscape Decoration Lighting Dusk to Dawn Auto On/Off Outdoor Path Lights for Garden Patio Driveway 4 Pack",39101603,Aityvert,ACSTAR LTD,AC96,ACSTAR LTD.,Guangdong
1/22/2021,111-6709652-7085816,BrightChild,1,46.74,3.86,50.6,0,CE,B07DM7N5BH,"WALI Premium Dual LCD Monitor Desk Mount Fully Adjustable Gas Spring Stand for Display up to 32 inch, 17.6 lbs Capacity (GSDM002), Black",45111802,WALI,WALI,GSDM002,Wali Electric,CA
1/22/2021,111-0990889-9393025,BrightChild,0,0,0,0,0,Kitchen,B084F2KNPM,Starbucks Cold Cup Clear Venti Tumbler Traveler With Green Straw Logo - 24 oz,48101905,Starbucks,,,VICKSTEROLOGY,
1/21/2021,112-5982531-7181800,BrightChild,2,199.98,12.74,212.72,1,Personal Computer,B00W95RR32,"LG 24M47VQ 24-Inch LED-lit Monitor, Black",43211900,LG,LG,24M47VQ,Amazon,Washington
1/20/2021,114-3757311-4481865,BrightChild,1,13.99,0.89,14.88,0,Wireless,B08K464BRS,"GESMA for Samsung Galaxy S20 FE Screen Protector and Camera Protector, [3 Screen Protectors+2 Camera Protectors][Support Fingerprint] Tempered Glass S",43191601,GESMA,XICHENYU,dkx,KUJI US Direct,
1/19/2021,114-2136826-0816207,BrightChild,1,522,43.07,565.07,1,Personal Computer,B07Y5PXRJC,"2020 ASUS VivoBook 15 15.6 Inch FHD 1080P Laptop (AMD Ryzen 3 3200U up to 3.5GHz, 8GB DDR4 RAM, 128GB SSD, AMD Radeon Vega 3, Backlit Keyboard, FP Rea",43211503,ASUS,Asus,ASUS,PConline365,
1/15/2021,112-8375886-2569064,BrightChild,3,30.95,1.97,32.92,0,Beauty,B08D6GKGGL,"Eyebrow Tweezers Women 6Pcs, Full Size Professional Eyebrow Tweezers Kit, Precision Tweezers Set for Eyebrow/Ingrown Hairs/Splinter/Facial Hair Removal, Stainless Steel Women Tweezers by MAYKI",53000000,MAYKI,MEIKY US,,MEIKY US,
1/15/2021,112-8375886-2569064,BrightChild,3,30.95,1.97,32.92,0,Beauty,B089ZCPTTJ,"Nail Clippers Set - Fingernail Clippers & Toenail Clippers With FLIP OUT Nail Files/Cleaners - Safe, Precise & Easy To Use - High Grade Stainless Steel Nail Clipper Set",53131600,Rippling Kindness,Rippling Kindness,2W-WBCB-5MWR,The Online Connection,
1/15/2021,D01-9538182-7392220,BrightChild,1,25,0,25,0,Digital Video Games,B088GD5WD4,VALORANT $25 Gift Card - PC [Online Game Code],64151505,Riot Games,Riot Games,,Amazon.com Services LLC,
1/15/2021,114-5598419-2659426,BrightChild,1,4,0,4,0,Electronic Gift Card,B00IX1I3G6,Amazon.com Gift Card Balance Reload,64151505,Amazon,Amazon,1_US_CC,Amazon.com,
1/15/2021,114-4467833-5971422,BrightChild,1,5,0,5,0,Electronic Gift Card,B00IX1I3G6,Amazon.com Gift Card Balance Reload,64151505,Amazon,Amazon,1_US_CC,Amazon.com,
1/15/2021,114-9092691-8614636,BrightChild,1,5,0,5,0,Electronic Gift Card,B00IX1I3G6,Amazon.com Gift Card Balance Reload,64151505,Amazon,Amazon,1_US_CC,Amazon.com,
1/15/2021,114-4713941-8592219,BrightChild,1,5,0,5,0,Electronic Gift Card,B00IX1I3G6,Amazon.com Gift Card Balance Reload,64151505,Amazon,Amazon,1_US_CC,Amazon.com,
1/12/2021,114-6389133-3823400,BrightChild,1,10.39,0.66,11.05,0,Health and Beauty,B001J4HB1C,"Flents Ear Plugs, 50 Pair, Ear Plugs for Sleeping, Snoring, Loud Noise, Traveling, Concerts, Construction, & Studying, NRR 29",46181905,Flents,Apothecary,68002A,Amazon.com,
1/11/2021,114-1584765-8586633,BrightChild,1,39.99,2.55,42.54,0,Toy,B07THGNV2R,LIGHTAILING Light Set for (Star Wars Ultimate Millennium Falcon) Building Blocks Model - Led Light kit Compatible with Lego 75192(NOT Included The Model),60140000,LIGHTAILING,LIGHTAILING,,Lightaling Toys,
1/11/2021,114-4083829-6281824,BrightChild,4,75.96,4.84,80.8,0,Office Product,B00ZP2H49I,"AGPtEK Hands-Free Call Center Noise Cancelling Corded Binaural Headset Headphone with 4-Pin RJ9 Crystal Head and Mic Microphone for Desk Phone - Telephone Counselling Services, Insurance, Hospitals",52161514,AGPTEK,AGPtek,8541729983,Mambate USA,NY
1/10/2021,114-4433176-5712246,BrightChild,2,215.98,17.82,233.8,1,Personal Computer,B07Z8TC28F,"Asus VA24EHE 23.8"" Monitor, 1080P, Full HD, IPS, 75Hz, HDMI D-Sub DVI-D, Adaptive-Sync / FreeSync, VESA wall mountable, Eye Care, Flicker-free and Low Blue Light",43211900,ASUS,Asus,VA24EHE,Amazon.com,
1/10/2021,114-1603725-1853838,BrightChild,2,1044,86.14,1130.14,1,Personal Computer,B07Y5PXRJC,"2020 ASUS VivoBook 15 15.6 Inch FHD 1080P Laptop (AMD Ryzen 3 3200U up to 3.5GHz, 8GB DDR4 RAM, 128GB SSD, AMD Radeon Vega 3, Backlit Keyboard, FP Rea",43211503,ASUS,Asus,ASUS,easyDeal,
1/10/2021,114-2970444-9267445,BrightChild,0,0,0,0,1,Personal Computer,B07Y5PDX7D,"2020 ASUS VivoBook 15 15.6 Inch FHD 1080P Laptop (AMD Ryzen 3 3200U up to 3.5GHz, 8GB DDR4 RAM, 256GB SSD, AMD Radeon Vega 3, Backlit Keyboard, FP Reader, WiFi, Bluetooth, HDMI, Windows 10) (Grey)",43211503,ASUS,Asus,ASUS,Digital eShop(SN Recorded),
1/5/2021,111-2040024-1175406,BrightChild,1,13.32,0,13.32,0,Beauty,B006IB5T4W,"Aquaphor Healing Ointment - Moisturizing Skin Protectant for Dry Cracked Hands, Heels and Elbows - 14 Ounce (Pack of 1) Jar",53131600,Aquaphor,Aquaphor,46226,Amazon,Washington
1/5/2021,111-6328674-2611410,BrightChild,2,47.17,2.52,49.69,0,Beauty,B0107QPFBU,"Aquaphor Healing Ointment - Dry Skin Moisturizer - Hands, Heels, Elbows,Lips - 7 Ounce (Pack of 1)Tube",51170000,Aquaphor,"Beiersdorf, Inc.",,Amazon,Washington
1/5/2021,111-6328674-2611410,BrightChild,2,47.17,2.52,49.69,0,Prestige Beauty,B07J6SDJL1,"Vichy Mineral 89 Hydrating Hyaluronic Acid Serum and Daily Face Moisturizer For Stronger, Healthier Looking Skin",53131613,Vichy,Vichy,15625792,Amazon.com,
1/2/2021,111-4578363-5338623,BrightChild,1,13.99,0.89,14.88,0,Health and Beauty,B01J1T16BC,"SCHON Stainless Steel 3-in-1 Nose, Eyebrow & Facial Hair Trimmer, Rechargeable with Soft Carry Bag Included (Silver)",50500000,SCHON,Schon,SCH-NT,WebDealsDirect,
1/2/2021,111-7858605-8978628,BrightChild,1,23.99,1.53,25.52,0,Home Improvement,B06XPSKRVL,"TOPGREENER Digital Astronomic Timer Switch, 7-Day Programmable Sunrise Sunset, Single Pole or 3-Way, Neutral Wire Required, 120VAC, UL Listed, TGT01-H, White",39122200,TOPGREENER,TOPGREENER,TGT01-H,Top Greener Inc,
1/2/2021,111-4373199-5591466,BrightChild,0,0,0,0,0,Home Improvement,B075H1WLJ1,"BN-LINK 7 Day Programmable In-Wall Timer Switch for Lights, fans and Motors, Single Pole and 3 Way (Compatible with SPDT) Both Use, Neutral Wire Required, White (Blue Backlight)",39122200,BN-LINK,BN-LINK,,BN-LINK,
